label,estimate,estimate_err,pct,pct_err,year,estimate_err2
SEX AND AGE,,,,,2010,
    Total population,"309,349,689",*****,"309,349,689",(X),2010,
    Male,"152,089,450","±27,325",49.2%,±0.1,2010,
    Female,"157,260,239","±27,325",50.8%,±0.1,2010,
    Under 5 years,"20,133,943","±20,568",6.5%,±0.1,2010,
    5 to 9 years,"20,391,459","±54,285",6.6%,±0.1,2010,
    10 to 14 years,"20,768,341","±48,894",6.7%,±0.1,2010,
    15 to 19 years,"22,104,183","±37,994",7.1%,±0.1,2010,
    20 to 24 years,"21,662,830","±39,859",7.0%,±0.1,2010,
    25 to 34 years,"40,972,083","±42,185",13.2%,±0.1,2010,
    35 to 44 years,"41,192,328","±30,977",13.3%,±0.1,2010,
    45 to 54 years,"44,929,033","±32,011",14.5%,±0.1,2010,
    55 to 59 years,"19,682,686","±52,641",6.4%,±0.1,2010,
    60 to 64 years,"17,079,278","±53,099",5.5%,±0.1,2010,
    65 to 74 years,"21,854,035","±15,215",7.1%,±0.1,2010,
    75 to 84 years,"13,019,050","±30,772",4.2%,±0.1,2010,
    85 years and over,"5,560,440","±29,266",1.8%,±0.1,2010,
    Median age (years),37.2,±0.1,(X),(X),2010,
    18 years and over,"235,184,324","±31,999",76.0%,±0.1,2010,
    21 years and over,"221,221,896","±80,740",71.5%,±0.1,2010,
    62 years and over,"50,290,332","±47,937",16.3%,±0.1,2010,
    65 years and over,"40,433,525","±19,526",13.1%,±0.1,2010,
    18 years and over,"235,184,324","±31,999","235,184,324",(X),2010,
    Male,"114,105,885","±21,432",48.5%,±0.1,2010,
    Female,"121,078,439","±22,343",51.5%,±0.1,2010,
    65 years and over,"40,433,525","±19,526","40,433,525",(X),2010,
    Male,"17,433,645","±10,862",43.1%,±0.1,2010,
    Female,"22,999,880","±13,663",56.9%,±0.1,2010,
RACE,,,,,2010,
    Total population,"309,349,689",*****,"309,349,689",(X),2010,
    One race,"300,951,321","±78,458",97.3%,±0.1,2010,
    Two or more races,"8,398,368","±78,458",2.7%,±0.1,2010,
    One race,"300,951,321","±78,458",97.3%,±0.1,2010,
        White,"229,397,472","±133,343",74.2%,±0.1,2010,
        Black or African American,"38,874,625","±51,551",12.6%,±0.1,2010,
        American Indian and Alaska Native,"2,553,566","±28,633",0.8%,±0.1,2010,
            Cherokee tribal grouping,"285,476","±9,644",0.1%,±0.1,2010,
            Chippewa tribal grouping,"115,859","±5,703",0.0%,±0.1,2010,
            Navajo tribal grouping,"308,013","±10,256",0.1%,±0.1,2010,
            Sioux tribal grouping,"131,048","±5,777",0.0%,±0.1,2010,
        Asian,"14,728,302","±30,199",4.8%,±0.1,2010,
            Asian Indian,"2,765,155","±34,951",0.9%,±0.1,2010,
            Chinese,"3,456,912","±45,417",1.1%,±0.1,2010,
            Filipino,"2,512,686","±31,108",0.8%,±0.1,2010,
            Japanese,"774,600","±19,342",0.3%,±0.1,2010,
            Korean,"1,456,076","±33,126",0.5%,±0.1,2010,
            Vietnamese,"1,625,365","±33,841",0.5%,±0.1,2010,
            Other Asian,"2,137,508","±45,472",0.7%,±0.1,2010,
        Native Hawaiian and Other Pacific Islander,"507,916","±9,515",0.2%,±0.1,2010,
            Native Hawaiian,"157,029","±9,383",0.1%,±0.1,2010,
            Guamanian or Chamorro,"72,807","±6,150",0.0%,±0.1,2010,
            Samoan,"114,796","±9,654",0.0%,±0.1,2010,
            Other Pacific Islander,"163,284","±11,612",0.1%,±0.1,2010,
        Some other race,"14,889,440","±118,731",4.8%,±0.1,2010,
    Two or more races,"8,398,368","±78,458",2.7%,±0.1,2010,
        White and Black or African American,"2,028,521","±36,363",0.7%,±0.1,2010,
        White and American Indian and Alaska Native,"1,705,454","±23,202",0.6%,±0.1,2010,
        White and Asian,"1,558,860","±28,658",0.5%,±0.1,2010,
        Black or African American and American Indian and Alaska Native,"289,341","±14,507",0.1%,±0.1,2010,
    Race alone or in combination with one or more other races,,,,,2010,
        Total population,"309,349,689",*****,"309,349,689",(X),2010,
    White,"236,475,201","±140,696",76.4%,±0.1,2010,
    Black or African American,"42,042,735","±47,283",13.6%,±0.1,2010,
    American Indian and Alaska Native,"5,066,812","±40,153",1.6%,±0.1,2010,
    Asian,"17,242,278","±27,306",5.6%,±0.1,2010,
    Native Hawaiian and Other Pacific Islander,"1,167,053","±20,736",0.4%,±0.1,2010,
    Some other race,"16,534,492","±126,529",5.3%,±0.1,2010,
HISPANIC OR LATINO AND RACE,,,,,2010,
    Total population,"309,349,689",*****,"309,349,689",(X),2010,
    Hispanic or Latino (of any race),"50,740,089","±10,655",16.4%,±0.1,2010,
        Mexican,"32,929,683","±77,047",10.6%,±0.1,2010,
        Puerto Rican,"4,691,890","±57,318",1.5%,±0.1,2010,
        Cuban,"1,873,585","±36,713",0.6%,±0.1,2010,
        Other Hispanic or Latino,"11,244,931","±86,804",3.6%,±0.1,2010,
    Not Hispanic or Latino,"258,609,600","±10,655",83.6%,±0.1,2010,
        White alone,"196,929,412","±20,392",63.7%,±0.1,2010,
        Black or African American alone,"37,897,524","±47,313",12.3%,±0.1,2010,
        American Indian and Alaska Native alone,"2,074,523","±18,440",0.7%,±0.1,2010,
        Asian alone,"14,566,264","±30,769",4.7%,±0.1,2010,
        Native Hawaiian and Other Pacific Islander alone,"474,799","±9,473",0.2%,±0.1,2010,
        Some other race alone,"558,211","±22,986",0.2%,±0.1,2010,
        Two or more races,"6,108,867","±55,206",2.0%,±0.1,2010,
            Two races including Some other race,"303,389","±14,531",0.1%,±0.1,2010,
"            Two races excluding Some other race, and Three or more races","5,805,478","±53,019",1.9%,±0.1,2010,
    Total housing units,"131,791,065","±5,741",(X),(X),2010,
SEX AND AGE,,,,,2011,
    Total population,"311,591,919",,"311,591,919",(X),2011,*****
    Male,"153,267,861",,49.2%,±0.1,2011,"±29,450"
    Female,"158,324,058",,50.8%,±0.1,2011,"±29,450"
    Under 5 years,"20,067,828",,6.4%,±0.1,2011,"±19,610"
    5 to 9 years,"20,376,779",,6.5%,±0.1,2011,"±69,416"
    10 to 14 years,"20,754,531",,6.7%,±0.1,2011,"±64,982"
    15 to 19 years,"21,822,474",,7.0%,±0.1,2011,"±36,482"
    20 to 24 years,"22,098,637",,7.1%,±0.1,2011,"±36,338"
    25 to 34 years,"41,540,346",,13.3%,±0.1,2011,"±31,959"
    35 to 44 years,"40,827,710",,13.1%,±0.1,2011,"±28,310"
    45 to 54 years,"44,653,387",,14.3%,±0.1,2011,"±37,165"
    55 to 59 years,"20,174,311",,6.5%,±0.1,2011,"±50,947"
    60 to 64 years,"17,890,890",,5.7%,±0.1,2011,"±55,212"
    65 to 74 years,"22,489,229",,7.2%,±0.1,2011,"±17,791"
    75 to 84 years,"13,197,352",,4.2%,±0.1,2011,"±33,143"
    85 years and over,"5,698,445",,1.8%,±0.1,2011,"±31,930"
    Median age (years),37.3,,(X),(X),2011,±0.1
    18 years and over,"237,681,218",,76.3%,±0.1,2011,"±31,496"
    21 years and over,"223,736,524",,71.8%,±0.1,2011,"±74,686"
    62 years and over,"51,897,727",,16.7%,±0.1,2011,"±53,109"
    65 years and over,"41,385,026",,13.3%,±0.1,2011,"±20,340"
    18 years and over,"237,681,218",,"237,681,218",(X),2011,"±31,496"
    Male,"115,448,178",,48.6%,±0.1,2011,"±20,724"
    Female,"122,233,040",,51.4%,±0.1,2011,"±21,416"
    65 years and over,"41,385,026",,"41,385,026",(X),2011,"±20,340"
    Male,"17,916,246",,43.3%,±0.1,2011,"±11,114"
    Female,"23,468,780",,56.7%,±0.1,2011,"±12,957"
RACE,,,,,2011,
    Total population,"311,591,919",,"311,591,919",(X),2011,*****
    One race,"302,870,101",,97.2%,±0.1,2011,"±93,577"
    Two or more races,"8,721,818",,2.8%,±0.1,2011,"±93,574"
    One race,"302,870,101",,97.2%,±0.1,2011,"±93,577"
        White,"230,838,975",,74.1%,±0.1,2011,"±111,437"
        Black or African American,"39,189,528",,12.6%,±0.1,2011,"±54,434"
        American Indian and Alaska Native,"2,547,006",,0.8%,±0.1,2011,"±34,004"
            Cherokee tribal grouping,"266,224",,0.1%,±0.1,2011,"±11,131"
            Chippewa tribal grouping,"119,868",,0.0%,±0.1,2011,"±5,951"
            Navajo tribal grouping,"305,559",,0.1%,±0.1,2011,"±9,289"
            Sioux tribal grouping,"129,382",,0.0%,±0.1,2011,"±5,954"
        Asian,"15,020,419",,4.8%,±0.1,2011,"±34,584"
            Asian Indian,"2,908,204",,0.9%,±0.1,2011,"±52,033"
            Chinese,"3,520,150",,1.1%,±0.1,2011,"±44,000"
            Filipino,"2,538,325",,0.8%,±0.1,2011,"±47,496"
            Japanese,"756,898",,0.2%,±0.1,2011,"±18,355"
            Korean,"1,449,876",,0.5%,±0.1,2011,"±30,304"
            Vietnamese,"1,669,447",,0.5%,±0.1,2011,"±40,719"
            Other Asian,"2,177,519",,0.7%,±0.1,2011,"±50,375"
        Native Hawaiian and Other Pacific Islander,"506,017",,0.2%,±0.1,2011,"±13,644"
            Native Hawaiian,"156,239",,0.1%,±0.1,2011,"±11,023"
            Guamanian or Chamorro,"64,192",,0.0%,±0.1,2011,"±7,900"
            Samoan,"108,849",,0.0%,±0.1,2011,"±10,645"
            Other Pacific Islander,"176,737",,0.1%,±0.1,2011,"±11,562"
        Some other race,"14,768,156",,4.7%,±0.1,2011,"±109,197"
    Two or more races,"8,721,818",,2.8%,±0.1,2011,"±93,574"
        White and Black or African American,"2,174,782",,0.7%,±0.1,2011,"±36,971"
        White and American Indian and Alaska Native,"1,734,245",,0.6%,±0.1,2011,"±26,130"
        White and Asian,"1,652,866",,0.5%,±0.1,2011,"±29,770"
        Black or African American and American Indian and Alaska Native,"302,250",,0.1%,±0.1,2011,"±12,914"
    Race alone or in combination with one or more other races,,,,,2011,
        Total population,"311,591,919",,"311,591,919",(X),2011,*****
    White,"238,197,491",,76.4%,±0.1,2011,"±126,673"
    Black or African American,"42,533,817",,13.7%,±0.1,2011,"±44,282"
    American Indian and Alaska Native,"5,120,813",,1.6%,±0.1,2011,"±41,184"
    Asian,"17,673,522",,5.7%,±0.1,2011,"±25,721"
    Native Hawaiian and Other Pacific Islander,"1,186,153",,0.4%,±0.1,2011,"±24,699"
    Some other race,"16,396,503",,5.3%,±0.1,2011,"±113,934"
HISPANIC OR LATINO AND RACE,,,,,2011,
    Total population,"311,591,919",,"311,591,919",(X),2011,*****
    Hispanic or Latino (of any race),"51,939,916",,16.7%,±0.1,2011,"±8,665"
        Mexican,"33,557,922",,10.8%,±0.1,2011,"±90,358"
        Puerto Rican,"4,885,294",,1.6%,±0.1,2011,"±52,335"
        Cuban,"1,891,014",,0.6%,±0.1,2011,"±44,089"
        Other Hispanic or Latino,"11,605,686",,3.7%,±0.1,2011,"±86,858"
    Not Hispanic or Latino,"259,652,003",,83.3%,±0.1,2011,"±8,666"
        White alone,"197,084,523",,63.3%,±0.1,2011,"±22,989"
        Black or African American alone,"38,148,876",,12.2%,±0.1,2011,"±46,486"
        American Indian and Alaska Native alone,"2,086,995",,0.7%,±0.1,2011,"±19,477"
        Asian alone,"14,854,988",,4.8%,±0.1,2011,"±32,374"
        Native Hawaiian and Other Pacific Islander alone,"469,941",,0.2%,±0.1,2011,"±12,258"
        Some other race alone,"565,213",,0.2%,±0.1,2011,"±23,160"
        Two or more races,"6,441,467",,2.1%,±0.1,2011,"±62,125"
            Two races including Some other race,"300,228",,0.1%,±0.1,2011,"±17,256"
"            Two races excluding Some other race, and Three or more races","6,141,239",,2.0%,±0.1,2011,"±57,199"
    Total housing units,"132,316,248",,(X),(X),2011,"±3,717"
SEX AND AGE,,,,,2012,
    Total population,"313,914,040",,"313,914,040",(X),2012,*****
    Male,"154,436,243",,49.2%,±0.1,2012,"±25,554"
    Female,"159,477,797",,50.8%,±0.1,2012,"±25,554"
    Under 5 years,"19,910,326",,6.3%,±0.1,2012,"±18,345"
    5 to 9 years,"20,480,578",,6.5%,±0.1,2012,"±60,408"
    10 to 14 years,"20,777,987",,6.6%,±0.1,2012,"±56,368"
    15 to 19 years,"21,550,469",,6.9%,±0.1,2012,"±33,340"
    20 to 24 years,"22,463,182",,7.2%,±0.1,2012,"±28,591"
    25 to 34 years,"42,100,846",,13.4%,±0.1,2012,"±29,972"
    35 to 44 years,"40,698,086",,13.0%,±0.1,2012,"±29,156"
    45 to 54 years,"44,204,952",,14.1%,±0.1,2012,"±32,797"
    55 to 59 years,"20,622,207",,6.6%,±0.1,2012,"±39,293"
    60 to 64 years,"17,964,930",,5.7%,±0.1,2012,"±41,352"
    65 to 74 years,"24,004,760",,7.6%,±0.1,2012,"±14,380"
    75 to 84 years,"13,302,316",,4.2%,±0.1,2012,"±31,037"
    85 years and over,"5,833,401",,1.9%,±0.1,2012,"±28,718"
    Median age (years),37.4,,(X),(X),2012,±0.1
    18 years and over,"240,203,630",,76.5%,±0.1,2012,"±31,813"
    21 years and over,"226,383,309",,72.1%,±0.1,2012,"±75,312"
    62 years and over,"53,566,283",,17.1%,±0.1,2012,"±43,066"
    65 years and over,"43,140,477",,13.7%,±0.1,2012,"±16,604"
    18 years and over,"240,203,630",,"240,203,630",(X),2012,"±31,813"
    Male,"116,741,774",,48.6%,±0.1,2012,"±22,952"
    Female,"123,461,856",,51.4%,±0.1,2012,"±19,422"
    65 years and over,"43,140,477",,"43,140,477",(X),2012,"±16,604"
    Male,"18,805,263",,43.6%,±0.1,2012,"±8,996"
    Female,"24,335,214",,56.4%,±0.1,2012,"±11,229"
RACE,,,,,2012,
    Total population,"313,914,040",,"313,914,040",(X),2012,*****
    One race,"304,840,426",,97.1%,±0.1,2012,"±79,997"
    Two or more races,"9,073,614",,2.9%,±0.1,2012,"±79,997"
    One race,"304,840,426",,97.1%,±0.1,2012,"±79,997"
        White,"231,992,377",,73.9%,±0.1,2012,"±113,230"
        Black or African American,"39,623,138",,12.6%,±0.1,2012,"±57,930"
        American Indian and Alaska Native,"2,563,505",,0.8%,±0.1,2012,"±26,160"
            Cherokee tribal grouping,"276,381",,0.1%,±0.1,2012,"±8,078"
            Chippewa tribal grouping,"113,262",,0.0%,±0.1,2012,"±4,002"
            Navajo tribal grouping,"312,039",,0.1%,±0.1,2012,"±8,016"
            Sioux tribal grouping,"121,503",,0.0%,±0.1,2012,"±5,386"
        Asian,"15,555,530",,5.0%,±0.1,2012,"±32,545"
            Asian Indian,"3,049,201",,1.0%,±0.1,2012,"±45,887"
            Chinese,"3,660,659",,1.2%,±0.1,2012,"±43,534"
            Filipino,"2,658,354",,0.8%,±0.1,2012,"±36,836"
            Japanese,"780,210",,0.2%,±0.1,2012,"±16,603"
            Korean,"1,450,401",,0.5%,±0.1,2012,"±30,731"
            Vietnamese,"1,675,246",,0.5%,±0.1,2012,"±37,509"
            Other Asian,"2,281,459",,0.7%,±0.1,2012,"±40,508"
        Native Hawaiian and Other Pacific Islander,"543,198",,0.2%,±0.1,2012,"±14,210"
            Native Hawaiian,"175,299",,0.1%,±0.1,2012,"±8,616"
            Guamanian or Chamorro,"72,738",,0.0%,±0.1,2012,"±6,964"
            Samoan,"103,079",,0.0%,±0.1,2012,"±9,508"
            Other Pacific Islander,"192,082",,0.1%,±0.1,2012,"±10,408"
        Some other race,"14,562,678",,4.6%,±0.1,2012,"±120,810"
    Two or more races,"9,073,614",,2.9%,±0.1,2012,"±79,997"
        White and Black or African American,"2,275,588",,0.7%,±0.1,2012,"±42,089"
        White and American Indian and Alaska Native,"1,799,343",,0.6%,±0.1,2012,"±20,812"
        White and Asian,"1,733,309",,0.6%,±0.1,2012,"±27,845"
        Black or African American and American Indian and Alaska Native,"316,788",,0.1%,±0.1,2012,"±14,096"
    Race alone or in combination with one or more other races,,,,,2012,
        Total population,"313,914,040",,"313,914,040",(X),2012,*****
    White,"239,645,013",,76.3%,±0.1,2012,"±120,154"
    Black or African American,"43,140,238",,13.7%,±0.1,2012,"±42,355"
    American Indian and Alaska Native,"5,226,034",,1.7%,±0.1,2012,"±36,047"
    Asian,"18,326,450",,5.8%,±0.1,2012,"±26,093"
    Native Hawaiian and Other Pacific Islander,"1,250,274",,0.4%,±0.1,2012,"±22,377"
    Some other race,"16,232,503",,5.2%,±0.1,2012,"±128,387"
HISPANIC OR LATINO AND RACE,,,,,2012,
    Total population,"313,914,040",,"313,914,040",(X),2012,*****
    Hispanic or Latino (of any race),"52,961,017",,16.9%,±0.1,2012,"±9,501"
        Mexican,"34,038,599",,10.8%,±0.1,2012,"±86,331"
        Puerto Rican,"4,970,604",,1.6%,±0.1,2012,"±51,856"
        Cuban,"1,957,557",,0.6%,±0.1,2012,"±33,125"
        Other Hispanic or Latino,"11,994,257",,3.8%,±0.1,2012,"±82,408"
    Not Hispanic or Latino,"260,953,023",,83.1%,±0.1,2012,"±9,501"
        White alone,"197,243,423",,62.8%,±0.1,2012,"±20,601"
        Black or African American alone,"38,464,192",,12.3%,±0.1,2012,"±50,829"
        American Indian and Alaska Native alone,"2,084,472",,0.7%,±0.1,2012,"±18,586"
        Asian alone,"15,375,460",,4.9%,±0.1,2012,"±31,145"
        Native Hawaiian and Other Pacific Islander alone,"497,807",,0.2%,±0.1,2012,"±12,333"
        Some other race alone,"614,725",,0.2%,±0.1,2012,"±23,147"
        Two or more races,"6,672,944",,2.1%,±0.1,2012,"±58,407"
            Two races including Some other race,"307,162",,0.1%,±0.1,2012,"±13,273"
"            Two races excluding Some other race, and Three or more races","6,365,782",,2.0%,±0.1,2012,"±54,271"
    Total housing units,"132,452,249",,(X),(X),2012,"±3,899"
SEX AND AGE,,,,,2013,
    Total population,"316,128,839",,"316,128,839",(X),2013,*****
        Male,"155,627,698",,49.2%,±0.1,2013,"±26,501"
        Female,"160,501,141",,50.8%,±0.1,2013,"±26,501"
    Under 5 years,"19,770,079",,6.3%,±0.1,2013,"±18,531"
    5 to 9 years,"20,606,012",,6.5%,±0.1,2013,"±55,950"
    10 to 14 years,"20,735,582",,6.6%,±0.1,2013,"±52,657"
    15 to 19 years,"21,386,643",,6.8%,±0.1,2013,"±35,983"
    20 to 24 years,"22,719,908",,7.2%,±0.1,2013,"±31,830"
    25 to 34 years,"42,626,555",,13.5%,±0.1,2013,"±34,133"
    35 to 44 years,"40,608,235",,12.8%,±0.1,2013,"±25,895"
    45 to 54 years,"43,674,983",,13.8%,±0.1,2013,"±32,813"
    55 to 59 years,"21,108,252",,6.7%,±0.1,2013,"±55,949"
    60 to 64 years,"18,228,600",,5.8%,±0.1,2013,"±57,282"
    65 to 74 years,"25,213,746",,8.0%,±0.1,2013,"±17,213"
    75 to 84 years,"13,465,490",,4.3%,±0.1,2013,"±33,392"
    85 years and over,"5,984,754",,1.9%,±0.1,2013,"±30,768"
    Median age (years),37.5,,(X),(X),2013,±0.1
    18 years and over,"242,542,227",,76.7%,±0.1,2013,"±31,392"
    21 years and over,"228,856,999",,72.4%,±0.1,2013,"±77,649"
    62 years and over,"55,179,308",,17.5%,±0.1,2013,"±51,679"
    65 years and over,"44,663,990",,14.1%,±0.1,2013,"±18,744"
    18 years and over,"242,542,227",,"242,542,227",(X),2013,"±31,392"
        Male,"117,977,584",,48.6%,±0.1,2013,"±23,867"
        Female,"124,564,643",,51.4%,±0.1,2013,"±19,760"
    65 years and over,"44,663,990",,"44,663,990",(X),2013,"±18,744"
        Male,"19,574,217",,43.8%,±0.1,2013,"±11,445"
        Female,"25,089,773",,56.2%,±0.1,2013,"±12,053"
RACE,,,,,2013,
    Total population,"316,128,839",,"316,128,839",(X),2013,*****
        One race,"306,759,298",,97.0%,±0.1,2013,"±76,341"
        Two or more races,"9,369,541",,3.0%,±0.1,2013,"±76,341"
    One race,"306,759,298",,97.0%,±0.1,2013,"±76,341"
        White,"232,969,901",,73.7%,±0.1,2013,"±125,843"
        Black or African American,"39,919,371",,12.6%,±0.1,2013,"±55,395"
        American Indian and Alaska Native,"2,521,131",,0.8%,±0.1,2013,"±28,182"
            Cherokee tribal grouping,"279,419",,0.1%,±0.1,2013,"±8,020"
            Chippewa tribal grouping,"111,939",,0.0%,±0.1,2013,"±5,931"
            Navajo tribal grouping,"304,744",,0.1%,±0.1,2013,"±7,435"
            Sioux tribal grouping,"126,485",,0.0%,±0.1,2013,"±5,432"
        Asian,"16,012,120",,5.1%,±0.1,2013,"±35,390"
            Asian Indian,"3,189,485",,1.0%,±0.1,2013,"±39,389"
            Chinese,"3,781,673",,1.2%,±0.1,2013,"±40,496"
            Filipino,"2,664,606",,0.8%,±0.1,2013,"±41,081"
            Japanese,"794,441",,0.3%,±0.1,2013,"±16,859"
            Korean,"1,446,592",,0.5%,±0.1,2013,"±26,966"
            Vietnamese,"1,692,760",,0.5%,±0.1,2013,"±38,219"
            Other Asian,"2,442,563",,0.8%,±0.1,2013,"±44,945"
        Native Hawaiian and Other Pacific Islander,"525,750",,0.2%,±0.1,2013,"±11,725"
            Native Hawaiian,"179,489",,0.1%,±0.1,2013,"±10,650"
            Guamanian or Chamorro,"63,655",,0.0%,±0.1,2013,"±6,140"
            Samoan,"105,235",,0.0%,±0.1,2013,"±9,851"
            Other Pacific Islander,"177,371",,0.1%,±0.1,2013,"±11,768"
        Some other race,"14,811,025",,4.7%,±0.1,2013,"±129,173"
    Two or more races,"9,369,541",,3.0%,±0.1,2013,"±76,341"
        White and Black or African American,"2,408,065",,0.8%,±0.1,2013,"±36,357"
        White and American Indian and Alaska Native,"1,832,055",,0.6%,±0.1,2013,"±23,394"
        White and Asian,"1,840,160",,0.6%,±0.1,2013,"±30,088"
        Black or African American and American Indian and Alaska Native,"318,286",,0.1%,±0.1,2013,"±14,833"
    Race alone or in combination with one or more other races,,,,,2013,
        Total population,"316,128,839",,"316,128,839",(X),2013,*****
            White,"240,924,897",,76.2%,±0.1,2013,"±145,033"
            Black or African American,"43,624,267",,13.8%,±0.1,2013,"±41,743"
            American Indian and Alaska Native,"5,252,044",,1.7%,±0.1,2013,"±42,976"
            Asian,"18,913,544",,6.0%,±0.1,2013,"±26,264"
            Native Hawaiian and Other Pacific Islander,"1,226,149",,0.4%,±0.1,2013,"±23,182"
            Some other race,"16,474,381",,5.2%,±0.1,2013,"±124,258"
HISPANIC OR LATINO AND RACE,,,,,2013,
    Total population,"316,128,839",,"316,128,839",(X),2013,*****
        Hispanic or Latino (of any race),"53,986,412",,17.1%,±0.1,2013,"±9,286"
            Mexican,"34,586,088",,10.9%,±0.1,2013,"±85,442"
            Puerto Rican,"5,138,109",,1.6%,±0.1,2013,"±56,917"
            Cuban,"2,013,155",,0.6%,±0.1,2013,"±35,561"
            Other Hispanic or Latino,"12,249,060",,3.9%,±0.1,2013,"±86,825"
        Not Hispanic or Latino,"262,142,427",,82.9%,±0.1,2013,"±9,286"
            White alone,"197,392,411",,62.4%,±0.1,2013,"±20,473"
            Black or African American alone,"38,807,755",,12.3%,±0.1,2013,"±47,076"
            American Indian and Alaska Native alone,"2,059,457",,0.7%,±0.1,2013,"±17,757"
            Asian alone,"15,841,339",,5.0%,±0.1,2013,"±34,772"
            Native Hawaiian and Other Pacific Islander alone,"482,428",,0.2%,±0.1,2013,"±11,346"
            Some other race alone,"641,423",,0.2%,±0.1,2013,"±25,068"
            Two or more races,"6,917,614",,2.2%,±0.1,2013,"±56,649"
                Two races including Some other race,"281,039",,0.1%,±0.1,2013,"±13,779"
"                Two races excluding Some other race, and Three or more races","6,636,575",,2.1%,±0.1,2013,"±56,814"
    Total housing units,"132,808,137",,(X),(X),2013,"±2,879"
SEX AND AGE,,,,,2014,
    Total population,"318,857,056",,"318,857,056",(X),2014,*****
        Male,"156,890,101",,49.2%,±0.1,2014,"±27,214"
        Female,"161,966,955",,50.8%,±0.1,2014,"±27,214"
    Under 5 years,"19,773,010",,6.2%,±0.1,2014,"±17,395"
    5 to 9 years,"20,563,575",,6.4%,±0.1,2014,"±57,409"
    10 to 14 years,"20,749,801",,6.5%,±0.1,2014,"±48,112"
    15 to 19 years,"21,347,017",,6.7%,±0.1,2014,"±31,838"
    20 to 24 years,"22,698,029",,7.1%,±0.1,2014,"±31,498"
    25 to 34 years,"43,323,099",,13.6%,±0.1,2014,"±33,262"
    35 to 44 years,"40,751,359",,12.8%,±0.1,2014,"±25,707"
    45 to 54 years,"43,353,277",,13.6%,±0.1,2014,"±33,047"
    55 to 59 years,"21,314,688",,6.7%,±0.1,2014,"±51,277"
    60 to 64 years,"18,768,308",,5.9%,±0.1,2014,"±53,706"
    65 to 74 years,"26,418,204",,8.3%,±0.1,2014,"±18,807"
    75 to 84 years,"13,750,719",,4.3%,±0.1,2014,"±32,902"
    85 years and over,"6,045,970",,1.9%,±0.1,2014,"±30,760"
    Median age (years),37.7,,(X),(X),2014,±0.1
    18 years and over,"245,279,633",,76.9%,±0.1,2014,"±33,013"
    21 years and over,"231,750,560",,72.7%,±0.1,2014,"±70,218"
    62 years and over,"57,051,935",,17.9%,±0.1,2014,"±54,442"
    65 years and over,"46,214,893",,14.5%,±0.1,2014,"±21,066"
    18 years and over,"245,279,633",,"245,279,633",(X),2014,"±33,013"
        Male,"119,274,182",,48.6%,±0.1,2014,"±25,387"
        Female,"126,005,451",,51.4%,±0.1,2014,"±21,338"
    65 years and over,"46,214,893",,"46,214,893",(X),2014,"±21,066"
        Male,"20,312,472",,44.0%,±0.1,2014,"±12,409"
        Female,"25,902,421",,56.0%,±0.1,2014,"±13,230"
RACE,,,,,2014,
    Total population,"318,857,056",,"318,857,056",(X),2014,*****
        One race,"309,251,285",,97.0%,±0.1,2014,"±83,701"
        Two or more races,"9,605,771",,3.0%,±0.1,2014,"±83,701"
    One race,"309,251,285",,97.0%,±0.1,2014,"±83,701"
        White,"233,963,128",,73.4%,±0.1,2014,"±99,837"
        Black or African American,"40,379,066",,12.7%,±0.1,2014,"±57,749"
        American Indian and Alaska Native,"2,601,714",,0.8%,±0.1,2014,"±27,827"
            Cherokee tribal grouping,"282,867",,0.1%,±0.1,2014,"±9,913"
            Chippewa tribal grouping,"115,987",,0.0%,±0.1,2014,"±4,996"
            Navajo tribal grouping,"320,603",,0.1%,±0.1,2014,"±9,051"
            Sioux tribal grouping,"125,790",,0.0%,±0.1,2014,"±5,273"
        Asian,"16,686,960",,5.2%,±0.1,2014,"±33,816"
            Asian Indian,"3,491,052",,1.1%,±0.1,2014,"±51,858"
            Chinese,"3,941,615",,1.2%,±0.1,2014,"±41,391"
            Filipino,"2,770,918",,0.9%,±0.1,2014,"±42,420"
            Japanese,"759,056",,0.2%,±0.1,2014,"±16,264"
            Korean,"1,476,577",,0.5%,±0.1,2014,"±28,779"
            Vietnamese,"1,714,143",,0.5%,±0.1,2014,"±34,795"
            Other Asian,"2,533,599",,0.8%,±0.1,2014,"±46,889"
        Native Hawaiian and Other Pacific Islander,"557,154",,0.2%,±0.1,2014,"±12,419"
            Native Hawaiian,"180,203",,0.1%,±0.1,2014,"±9,349"
            Guamanian or Chamorro,"73,811",,0.0%,±0.1,2014,"±5,979"
            Samoan,"114,288",,0.0%,±0.1,2014,"±7,872"
            Other Pacific Islander,"188,852",,0.1%,±0.1,2014,"±11,284"
        Some other race,"15,063,263",,4.7%,±0.1,2014,"±109,804"
    Two or more races,"9,605,771",,3.0%,±0.1,2014,"±83,701"
        White and Black or African American,"2,518,746",,0.8%,±0.1,2014,"±41,481"
        White and American Indian and Alaska Native,"1,881,024",,0.6%,±0.1,2014,"±28,883"
        White and Asian,"1,929,461",,0.6%,±0.1,2014,"±35,849"
        Black or African American and American Indian and Alaska Native,"312,454",,0.1%,±0.1,2014,"±13,859"
    Race alone or in combination with one or more other races,,,,,2014,
        Total population,"318,857,056",,"318,857,056",(X),2014,*****
            White,"242,169,652",,75.9%,±0.1,2014,"±134,744"
            Black or African American,"44,171,261",,13.9%,±0.1,2014,"±46,252"
            American Indian and Alaska Native,"5,396,560",,1.7%,±0.1,2014,"±37,989"
            Asian,"19,658,736",,6.2%,±0.1,2014,"±25,693"
            Native Hawaiian and Other Pacific Islander,"1,270,272",,0.4%,±0.1,2014,"±17,490"
            Some other race,"16,703,187",,5.2%,±0.1,2014,"±108,729"
HISPANIC OR LATINO AND RACE,,,,,2014,
    Total population,"318,857,056",,"318,857,056",(X),2014,*****
        Hispanic or Latino (of any race),"55,279,452",,17.3%,±0.1,2014,"±7,761"
            Mexican,"35,320,579",,11.1%,±0.1,2014,"±93,277"
            Puerto Rican,"5,266,738",,1.7%,±0.1,2014,"±56,077"
            Cuban,"2,046,805",,0.6%,±0.1,2014,"±31,819"
            Other Hispanic or Latino,"12,645,330",,4.0%,±0.1,2014,"±86,675"
        Not Hispanic or Latino,"263,577,604",,82.7%,±0.1,2014,"±7,761"
            White alone,"197,409,353",,61.9%,±0.1,2014,"±20,915"
            Black or African American alone,"39,267,149",,12.3%,±0.1,2014,"±48,616"
            American Indian and Alaska Native alone,"2,103,422",,0.7%,±0.1,2014,"±18,194"
            Asian alone,"16,513,652",,5.2%,±0.1,2014,"±32,475"
            Native Hawaiian and Other Pacific Islander alone,"507,550",,0.2%,±0.1,2014,"±10,616"
            Some other race alone,"679,100",,0.2%,±0.1,2014,"±25,795"
            Two or more races,"7,097,378",,2.2%,±0.1,2014,"±62,553"
                Two races including Some other race,"260,586",,0.1%,±0.1,2014,"±11,743"
"                Two races excluding Some other race, and Three or more races","6,836,792",,2.1%,±0.1,2014,"±60,019"
    Total housing units,"133,962,970",,(X),(X),2014,"±4,161"
SEX AND AGE,,,,,2015,
    Total population,"321,418,821",,"321,418,821",(X),2015,*****
        Male,"158,167,834",,49.2%,±0.1,2015,"±31,499"
        Female,"163,250,987",,50.8%,±0.1,2015,"±31,500"
    Under 5 years,"19,793,807",,6.2%,±0.1,2015,"±16,520"
    5 to 9 years,"20,582,473",,6.4%,±0.1,2015,"±62,124"
    10 to 14 years,"20,627,389",,6.4%,±0.1,2015,"±58,029"
    15 to 19 years,"21,426,912",,6.7%,±0.1,2015,"±30,132"
    20 to 24 years,"22,541,077",,7.0%,±0.1,2015,"±30,660"
    25 to 34 years,"43,897,832",,13.7%,±0.1,2015,"±33,513"
    35 to 44 years,"40,804,130",,12.7%,±0.1,2015,"±27,374"
    45 to 54 years,"43,135,580",,13.4%,±0.1,2015,"±35,565"
    55 to 59 years,"21,590,716",,6.7%,±0.1,2015,"±57,347"
    60 to 64 years,"19,286,425",,6.0%,±0.1,2015,"±58,253"
    65 to 74 years,"27,587,267",,8.6%,±0.1,2015,"±18,762"
    75 to 84 years,"13,984,046",,4.4%,±0.1,2015,"±33,235"
    85 years and over,"6,161,167",,1.9%,±0.1,2015,"±31,999"
    Median age (years),37.8,,(X),(X),2015,±0.1
    18 years and over,"247,789,111",,77.1%,±0.1,2015,"±34,138"
    21 years and over,"234,350,853",,72.9%,±0.1,2015,"±75,610"
    62 years and over,"58,839,989",,18.3%,±0.1,2015,"±57,778"
    65 years and over,"47,732,480",,14.9%,±0.1,2015,"±20,477"
    18 years and over,"247,789,111",,"247,789,111",(X),2015,"±34,138"
        Male,"120,542,426",,48.6%,±0.1,2015,"±27,023"
        Female,"127,246,685",,51.4%,±0.1,2015,"±18,015"
    65 years and over,"47,732,480",,"47,732,480",(X),2015,"±20,477"
        Male,"21,054,655",,44.1%,±0.1,2015,"±12,060"
        Female,"26,677,825",,55.9%,±0.1,2015,"±13,870"
RACE,,,,,2015,
    Total population,"321,418,821",,"321,418,821",(X),2015,*****
        One race,"311,437,291",,96.9%,±0.1,2015,"±85,152"
        Two or more races,"9,981,530",,3.1%,±0.1,2015,"±85,150"
    One race,"311,437,291",,96.9%,±0.1,2015,"±85,152"
        White,"234,940,100",,73.1%,±0.1,2015,"±116,033"
        Black or African American,"40,695,277",,12.7%,±0.1,2015,"±62,504"
        American Indian and Alaska Native,"2,597,249",,0.8%,±0.1,2015,"±28,184"
            Cherokee tribal grouping,"284,858",,0.1%,±0.1,2015,"±8,468"
            Chippewa tribal grouping,"115,280",,0.0%,±0.1,2015,"±5,171"
            Navajo tribal grouping,"323,757",,0.1%,±0.1,2015,"±9,646"
            Sioux tribal grouping,"117,019",,0.0%,±0.1,2015,"±5,640"
        Asian,"17,273,777",,5.4%,±0.1,2015,"±37,430"
            Asian Indian,"3,699,957",,1.2%,±0.1,2015,"±41,382"
            Chinese,"4,133,674",,1.3%,±0.1,2015,"±45,606"
            Filipino,"2,848,148",,0.9%,±0.1,2015,"±43,901"
            Japanese,"757,468",,0.2%,±0.1,2015,"±15,925"
            Korean,"1,460,483",,0.5%,±0.1,2015,"±28,275"
            Vietnamese,"1,738,848",,0.5%,±0.1,2015,"±39,280"
            Other Asian,"2,635,199",,0.8%,±0.1,2015,"±42,134"
        Native Hawaiian and Other Pacific Islander,"554,946",,0.2%,±0.1,2015,"±13,174"
            Native Hawaiian,"176,482",,0.1%,±0.1,2015,"±10,037"
            Guamanian or Chamorro,"78,522",,0.0%,±0.1,2015,"±7,646"
            Samoan,"120,019",,0.0%,±0.1,2015,"±10,866"
            Other Pacific Islander,"179,923",,0.1%,±0.1,2015,"±10,544"
        Some other race,"15,375,942",,4.8%,±0.1,2015,"±120,011"
    Two or more races,"9,981,530",,3.1%,±0.1,2015,"±85,150"
        White and Black or African American,"2,654,878",,0.8%,±0.1,2015,"±44,774"
        White and American Indian and Alaska Native,"1,911,158",,0.6%,±0.1,2015,"±24,913"
        White and Asian,"2,038,169",,0.6%,±0.1,2015,"±34,154"
        Black or African American and American Indian and Alaska Native,"305,975",,0.1%,±0.1,2015,"±12,502"
    Race alone or in combination with one or more other races,,,,,2015,
        Total population,"321,418,821",,"321,418,821",(X),2015,*****
            White,"243,479,179",,75.8%,±0.1,2015,"±125,332"
            Black or African American,"44,655,257",,13.9%,±0.1,2015,"±41,337"
            American Indian and Alaska Native,"5,431,402",,1.7%,±0.1,2015,"±40,432"
            Asian,"20,416,808",,6.4%,±0.1,2015,"±29,620"
            Native Hawaiian and Other Pacific Islander,"1,314,433",,0.4%,±0.1,2015,"±23,987"
            Some other race,"17,051,509",,5.3%,±0.1,2015,"±124,350"
HISPANIC OR LATINO AND RACE,,,,,2015,
    Total population,"321,418,821",,"321,418,821",(X),2015,*****
        Hispanic or Latino (of any race),"56,496,122",,17.6%,±0.1,2015,"±8,415"
            Mexican,"35,797,080",,11.1%,±0.1,2015,"±91,689"
            Puerto Rican,"5,372,759",,1.7%,±0.1,2015,"±57,569"
            Cuban,"2,106,501",,0.7%,±0.1,2015,"±30,210"
            Other Hispanic or Latino,"13,219,782",,4.1%,±0.1,2015,"±96,473"
        Not Hispanic or Latino,"264,922,699",,82.4%,±0.1,2015,"±8,415"
            White alone,"197,534,496",,61.5%,±0.1,2015,"±20,894"
            Black or African American alone,"39,597,600",,12.3%,±0.1,2015,"±56,543"
            American Indian and Alaska Native alone,"2,069,645",,0.6%,±0.1,2015,"±18,015"
            Asian alone,"17,081,093",,5.3%,±0.1,2015,"±37,805"
            Native Hawaiian and Other Pacific Islander alone,"502,876",,0.2%,±0.1,2015,"±11,192"
            Some other race alone,"699,309",,0.2%,±0.1,2015,"±25,109"
            Two or more races,"7,437,680",,2.3%,±0.1,2015,"±68,412"
                Two races including Some other race,"279,052",,0.1%,±0.1,2015,"±10,712"
"                Two races excluding Some other race, and Three or more races","7,158,628",,2.2%,±0.1,2015,"±66,638"
    Total housing units,"134,793,665",,(X),(X),2015,"±2,413"
"CITIZEN, VOTING AGE POPULATION",,,,,2015,
"    Citizen, 18 and over population","227,019,486",,"227,019,486",(X),2015,"±125,474"
        Male,"109,941,387",,48.4%,±0.1,2015,"±76,790"
        Female,"117,078,099",,51.6%,±0.1,2015,"±58,245"
SEX AND AGE,,,,,2016,
    Total population,"323,127,515",,"323,127,515",(X),2016,*****
        Male,"159,061,631",,49.2%,±0.1,2016,"±26,978"
        Female,"164,065,884",,50.8%,±0.1,2016,"±26,978"
    Under 5 years,"19,798,554",,6.1%,±0.1,2016,"±21,568"
    5 to 9 years,"20,483,110",,6.3%,±0.1,2016,"±59,803"
    10 to 14 years,"20,705,797",,6.4%,±0.1,2016,"±53,625"
    15 to 19 years,"21,491,901",,6.7%,±0.1,2016,"±37,818"
    20 to 24 years,"22,172,673",,6.9%,±0.1,2016,"±32,723"
    25 to 34 years,"44,390,248",,13.7%,±0.1,2016,"±35,773"
    35 to 44 years,"40,655,592",,12.6%,±0.1,2016,"±30,669"
    45 to 54 years,"42,755,590",,13.2%,±0.1,2016,"±35,864"
    55 to 59 years,"21,714,703",,6.7%,±0.1,2016,"±52,932"
    60 to 64 years,"19,744,182",,6.1%,±0.1,2016,"±55,111"
    65 to 74 years,"28,681,808",,8.9%,±0.1,2016,"±19,519"
    75 to 84 years,"14,256,737",,4.4%,±0.1,2016,"±38,932"
    85 years and over,"6,276,620",,1.9%,±0.1,2016,"±35,776"
    Median age (years),37.9,,(X),(X),2016,±0.1
    18 years and over,"249,489,772",,77.2%,±0.1,2016,"±33,337"
    21 years and over,"236,053,044",,73.1%,±0.1,2016,"±83,361"
    62 years and over,"60,676,451",,18.8%,±0.1,2016,"±55,959"
    65 years and over,"49,215,165",,15.2%,±0.1,2016,"±22,133"
    18 years and over,"249,489,772",,"249,489,772",(X),2016,"±33,337"
        Male,"121,383,148",,48.7%,±0.1,2016,"±25,118"
        Female,"128,106,624",,51.3%,±0.1,2016,"±21,215"
    65 years and over,"49,215,165",,"49,215,165",(X),2016,"±22,133"
        Male,"21,760,438",,44.2%,±0.1,2016,"±12,652"
        Female,"27,454,727",,55.8%,±0.1,2016,"±14,106"
RACE,,,,,2016,
    Total population,"323,127,515",,"323,127,515",(X),2016,*****
        One race,"312,701,080",,96.8%,±0.1,2016,"±90,475"
        Two or more races,"10,426,435",,3.2%,±0.1,2016,"±90,471"
    One race,"312,701,080",,96.8%,±0.1,2016,"±90,475"
        White,"234,644,039",,72.6%,±0.1,2016,"±111,971"
        Black or African American,"40,893,369",,12.7%,±0.1,2016,"±64,285"
        American Indian and Alaska Native,"2,676,399",,0.8%,±0.1,2016,"±33,067"
            Cherokee tribal grouping,"287,748",,0.1%,±0.1,2016,"±10,448"
            Chippewa tribal grouping,"126,524",,0.0%,±0.1,2016,"±5,491"
            Navajo tribal grouping,"314,679",,0.1%,±0.1,2016,"±8,811"
            Sioux tribal grouping,"126,015",,0.0%,±0.1,2016,"±6,678"
        Asian,"17,556,935",,5.4%,±0.1,2016,"±43,427"
            Asian Indian,"3,813,407",,1.2%,±0.1,2016,"±51,213"
            Chinese,"4,214,856",,1.3%,±0.1,2016,"±50,407"
            Filipino,"2,811,885",,0.9%,±0.1,2016,"±42,899"
            Japanese,"789,830",,0.2%,±0.1,2016,"±19,478"
            Korean,"1,438,915",,0.4%,±0.1,2016,"±29,643"
            Vietnamese,"1,803,575",,0.6%,±0.1,2016,"±35,459"
            Other Asian,"2,684,467",,0.8%,±0.1,2016,"±53,685"
        Native Hawaiian and Other Pacific Islander,"595,986",,0.2%,±0.1,2016,"±11,433"
            Native Hawaiian,"178,874",,0.1%,±0.1,2016,"±9,632"
            Guamanian or Chamorro,"82,398",,0.0%,±0.1,2016,"±6,839"
            Samoan,"119,605",,0.0%,±0.1,2016,"±9,612"
            Other Pacific Islander,"215,109",,0.1%,±0.1,2016,"±12,642"
        Some other race,"16,334,352",,5.1%,±0.1,2016,"±120,967"
    Two or more races,"10,426,435",,3.2%,±0.1,2016,"±90,471"
        White and Black or African American,"2,818,186",,0.9%,±0.1,2016,"±46,972"
        White and American Indian and Alaska Native,"1,926,535",,0.6%,±0.1,2016,"±26,408"
        White and Asian,"2,168,592",,0.7%,±0.1,2016,"±33,506"
        Black or African American and American Indian and Alaska Native,"333,113",,0.1%,±0.1,2016,"±13,661"
    Race alone or in combination with one or more other races,,,,,2016,
        Total population,"323,127,515",,"323,127,515",(X),2016,*****
            White,"243,538,566",,75.4%,±0.1,2016,"±137,283"
            Black or African American,"45,133,880",,14.0%,±0.1,2016,"±51,800"
            American Indian and Alaska Native,"5,586,703",,1.7%,±0.1,2016,"±45,453"
            Asian,"20,901,780",,6.5%,±0.1,2016,"±30,630"
            Native Hawaiian and Other Pacific Islander,"1,366,322",,0.4%,±0.1,2016,"±23,332"
            Some other race,"18,049,903",,5.6%,±0.1,2016,"±115,006"
HISPANIC OR LATINO AND RACE,,,,,2016,
    Total population,"323,127,515",,"323,127,515",(X),2016,*****
        Hispanic or Latino (of any race),"57,398,719",,17.8%,±0.1,2016,"±9,826"
            Mexican,"36,255,589",,11.2%,±0.1,2016,"±90,344"
            Puerto Rican,"5,450,472",,1.7%,±0.1,2016,"±60,590"
            Cuban,"2,212,566",,0.7%,±0.1,2016,"±37,962"
            Other Hispanic or Latino,"13,480,092",,4.2%,±0.1,2016,"±79,101"
        Not Hispanic or Latino,"265,728,796",,82.2%,±0.1,2016,"±9,826"
            White alone,"197,479,450",,61.1%,±0.1,2016,"±20,766"
            Black or African American alone,"39,717,127",,12.3%,±0.1,2016,"±59,556"
            American Indian and Alaska Native alone,"2,125,635",,0.7%,±0.1,2016,"±18,356"
            Asian alone,"17,345,193",,5.4%,±0.1,2016,"±41,556"
            Native Hawaiian and Other Pacific Islander alone,"533,675",,0.2%,±0.1,2016,"±10,049"
            Some other race alone,"758,275",,0.2%,±0.1,2016,"±23,892"
            Two or more races,"7,769,441",,2.4%,±0.1,2016,"±68,729"
                Two races including Some other race,"308,586",,0.1%,±0.1,2016,"±13,924"
"                Two races excluding Some other race, and Three or more races","7,460,855",,2.3%,±0.1,2016,"±67,104"
    Total housing units,"135,702,775",,(X),(X),2016,"±3,052"
"CITIZEN, VOTING AGE POPULATION",,,,,2016,
"    Citizen, 18 and over population","228,849,669",,"228,849,669",(X),2016,"±138,686"
        Male,"110,858,917",,48.4%,±0.1,2016,"±78,794"
        Female,"117,990,752",,51.6%,±0.1,2016,"±75,421"
SEX AND AGE,,,,,2017,
    Total population,"325,719,178",,"325,719,178",(X),2017,*****
        Male,"160,402,504",,49.2%,±0.1,2017,"±26,371"
        Female,"165,316,674",,50.8%,±0.1,2017,"±26,371"
        Sex ratio (males per 100 females),97.0,,(X),(X),2017,±0.1
    Under 5 years,"19,795,159",,6.1%,±0.1,2017,"±20,249"
    5 to 9 years,"20,095,947",,6.2%,±0.1,2017,"±62,409"
    10 to 14 years,"21,130,768",,6.5%,±0.1,2017,"±56,442"
    15 to 19 years,"21,497,166",,6.6%,±0.1,2017,"±38,471"
    20 to 24 years,"21,950,055",,6.7%,±0.1,2017,"±33,648"
    25 to 34 years,"44,965,735",,13.8%,±0.1,2017,"±36,952"
    35 to 44 years,"41,117,905",,12.6%,±0.1,2017,"±35,116"
    45 to 54 years,"42,330,955",,13.0%,±0.1,2017,"±34,932"
    55 to 59 years,"21,765,184",,6.7%,±0.1,2017,"±53,487"
    60 to 64 years,"20,254,592",,6.2%,±0.1,2017,"±55,486"
    65 to 74 years,"29,731,876",,9.1%,±0.1,2017,"±21,417"
    75 to 84 years,"14,824,363",,4.6%,±0.1,2017,"±38,830"
    85 years and over,"6,259,473",,1.9%,±0.1,2017,"±36,320"
    Median age (years),38.1,,(X),(X),2017,±0.1
    Under 18 years,"73,648,683",,22.6%,±0.1,2017,"±36,202"
    16 years and over,"260,564,248",,80.0%,±0.1,2017,"±51,178"
    18 years and over,"252,070,495",,77.4%,±0.1,2017,"±36,202"
    21 years and over,"238,648,563",,73.3%,±0.1,2017,"±85,461"
    62 years and over,"62,536,354",,19.2%,±0.1,2017,"±59,241"
    65 years and over,"50,815,712",,15.6%,±0.1,2017,"±21,685"
    18 years and over,"252,070,495",,"252,070,495",(X),2017,"±36,202"
        Male,"122,729,360",,48.7%,±0.1,2017,"±25,159"
        Female,"129,341,135",,51.3%,±0.1,2017,"±23,944"
        Sex ratio (males per 100 females),94.9,,(X),(X),2017,±0.1
    65 years and over,"50,815,712",,"50,815,712",(X),2017,"±21,685"
        Male,"22,520,449",,44.3%,±0.1,2017,"±12,681"
        Female,"28,295,263",,55.7%,±0.1,2017,"±14,204"
        Sex ratio (males per 100 females),79.6,,(X),(X),2017,±0.1
RACE,,,,,2017,
    Total population,"325,719,178",,"325,719,178",(X),2017,*****
        One race,"315,003,713",,96.7%,±0.1,2017,"±93,074"
        Two or more races,"10,715,465",,3.3%,±0.1,2017,"±93,074"
    One race,"315,003,713",,96.7%,±0.1,2017,"±93,074"
        White,"235,507,457",,72.3%,±0.1,2017,"±124,475"
        Black or African American,"41,393,491",,12.7%,±0.1,2017,"±70,528"
        American Indian and Alaska Native,"2,726,278",,0.8%,±0.1,2017,"±34,715"
            Cherokee tribal grouping,"291,434",,0.1%,±0.1,2017,"±9,420"
            Chippewa tribal grouping,"118,195",,0.0%,±0.1,2017,"±5,268"
            Navajo tribal grouping,"329,207",,0.1%,±0.1,2017,"±10,208"
            Sioux tribal grouping,"112,575",,0.0%,±0.1,2017,"±5,974"
        Asian,"18,215,328",,5.6%,±0.1,2017,"±37,389"
            Asian Indian,"4,094,539",,1.3%,±0.1,2017,"±47,530"
            Chinese,"4,344,981",,1.3%,±0.1,2017,"±44,409"
            Filipino,"2,911,668",,0.9%,±0.1,2017,"±48,265"
            Japanese,"770,546",,0.2%,±0.1,2017,"±22,004"
            Korean,"1,477,282",,0.5%,±0.1,2017,"±29,508"
            Vietnamese,"1,826,998",,0.6%,±0.1,2017,"±37,445"
            Other Asian,"2,789,314",,0.9%,±0.1,2017,"±47,137"
        Native Hawaiian and Other Pacific Islander,"608,219",,0.2%,±0.1,2017,"±15,786"
            Native Hawaiian,"191,739",,0.1%,±0.1,2017,"±12,017"
            Guamanian or Chamorro,"85,771",,0.0%,±0.1,2017,"±6,279"
            Samoan,"105,076",,0.0%,±0.1,2017,"±8,501"
            Other Pacific Islander,"225,633",,0.1%,±0.1,2017,"±12,719"
        Some other race,"16,552,940",,5.1%,±0.1,2017,"±124,599"
    Two or more races,"10,715,465",,3.3%,±0.1,2017,"±93,074"
        White and Black or African American,"2,965,541",,0.9%,±0.1,2017,"±49,555"
        White and American Indian and Alaska Native,"1,908,749",,0.6%,±0.1,2017,"±27,162"
        White and Asian,"2,230,662",,0.7%,±0.1,2017,"±33,611"
        Black or African American and American Indian and Alaska Native,"316,918",,0.1%,±0.1,2017,"±13,732"
    Race alone or in combination with one or more other races,,,,,2017,
        Total population,"325,719,178",,"325,719,178",(X),2017,*****
            White,"244,691,364",,75.1%,±0.1,2017,"±150,128"
            Black or African American,"45,789,188",,14.1%,±0.1,2017,"±49,117"
            American Indian and Alaska Native,"5,631,945",,1.7%,±0.1,2017,"±46,437"
            Asian,"21,646,070",,6.6%,±0.1,2017,"±33,885"
            Native Hawaiian and Other Pacific Islander,"1,407,096",,0.4%,±0.1,2017,"±27,471"
            Some other race,"18,346,638",,5.6%,±0.1,2017,"±130,586"
HISPANIC OR LATINO AND RACE,,,,,2017,
    Total population,"325,719,178",,"325,719,178",(X),2017,*****
        Hispanic or Latino (of any race),"58,846,134",,18.1%,±0.1,2017,"±10,193"
            Mexican,"36,668,018",,11.3%,±0.1,2017,"±93,695"
            Puerto Rican,"5,588,664",,1.7%,±0.1,2017,"±67,935"
            Cuban,"2,315,863",,0.7%,±0.1,2017,"±40,628"
            Other Hispanic or Latino,"14,273,589",,4.4%,±0.1,2017,"±96,763"
        Not Hispanic or Latino,"266,873,044",,81.9%,±0.1,2017,"±10,193"
            White alone,"197,285,202",,60.6%,±0.1,2017,"±25,021"
            Black or African American alone,"40,129,593",,12.3%,±0.1,2017,"±66,631"
            American Indian and Alaska Native alone,"2,145,162",,0.7%,±0.1,2017,"±20,808"
            Asian alone,"17,999,846",,5.5%,±0.1,2017,"±36,667"
            Native Hawaiian and Other Pacific Islander alone,"546,778",,0.2%,±0.1,2017,"±14,210"
            Some other race alone,"833,898",,0.3%,±0.1,2017,"±29,253"
            Two or more races,"7,932,565",,2.4%,±0.1,2017,"±76,889"
                Two races including Some other race,"321,268",,0.1%,±0.1,2017,"±16,084"
"                Two races excluding Some other race, and Three or more races","7,611,297",,2.3%,±0.1,2017,"±75,458"
    Total housing units,"137,407,308",,(X),(X),2017,"±4,122"
"CITIZEN, VOTING AGE POPULATION",,,,,2017,
"    Citizen, 18 and over population","231,416,670",,"231,416,670",(X),2017,"±148,476"
        Male,"112,252,888",,48.5%,±0.1,2017,"±86,882"
        Female,"119,163,782",,51.5%,±0.1,2017,"±79,332"
SEX AND AGE,,,,,2018,
    Total population,"327,167,439",,"327,167,439",(X),2018,*****
        Male,"161,118,151",,49.2%,±0.1,2018,"±27,812"
        Female,"166,049,288",,50.8%,±0.1,2018,"±27,815"
        Sex ratio (males per 100 females),97.0,,(X),(X),2018,±0.1
        Under 5 years,"19,646,315",,6.0%,±0.1,2018,"±20,064"
        5 to 9 years,"19,805,900",,6.1%,±0.1,2018,"±57,046"
        10 to 14 years,"21,392,922",,6.5%,±0.1,2018,"±55,763"
        15 to 19 years,"21,445,493",,6.6%,±0.1,2018,"±43,048"
        20 to 24 years,"21,717,962",,6.6%,±0.1,2018,"±35,865"
        25 to 34 years,"45,344,674",,13.9%,±0.1,2018,"±41,488"
        35 to 44 years,"41,498,453",,12.7%,±0.1,2018,"±35,878"
        45 to 54 years,"41,605,244",,12.7%,±0.1,2018,"±39,774"
        55 to 59 years,"21,624,541",,6.6%,±0.1,2018,"±56,826"
        60 to 64 years,"20,662,821",,6.3%,±0.1,2018,"±59,252"
        65 to 74 years,"30,571,313",,9.3%,±0.1,2018,"±21,937"
        75 to 84 years,"15,547,953",,4.8%,±0.1,2018,"±33,004"
        85 years and over,"6,303,848",,1.9%,±0.1,2018,"±31,356"
        Median age (years),38.2,,(X),(X),2018,±0.2
        Under 18 years,"73,352,242",,22.4%,±0.1,2018,"±34,712"
        16 years and over,"262,185,951",,80.1%,±0.1,2018,"±45,377"
        18 years and over,"253,815,197",,77.6%,±0.1,2018,"±34,697"
        21 years and over,"240,352,655",,73.5%,±0.1,2018,"±81,742"
        62 years and over,"64,481,209",,19.7%,±0.1,2018,"±60,876"
        65 years and over,"52,423,114",,16.0%,±0.1,2018,"±22,439"
        18 years and over,"253,815,197",,"253,815,197",(X),2018,"±34,697"
            Male,"123,578,869",,48.7%,±0.1,2018,"±24,865"
            Female,"130,236,328",,51.3%,±0.1,2018,"±23,894"
            Sex ratio (males per 100 females),94.9,,(X),(X),2018,±0.1
        65 years and over,"52,423,114",,"52,423,114",(X),2018,"±22,439"
            Male,"23,290,898",,44.4%,±0.1,2018,"±12,525"
            Female,"29,132,216",,55.6%,±0.1,2018,"±15,024"
            Sex ratio (males per 100 females),79.9,,(X),(X),2018,±0.1
RACE,,,,,2018,
    Total population,"327,167,439",,"327,167,439",(X),2018,*****
        One race,"315,887,408",,96.6%,±0.1,2018,"±103,258"
        Two or more races,"11,280,031",,3.4%,±0.1,2018,"±103,247"
        One race,"315,887,408",,96.6%,±0.1,2018,"±103,258"
            White,"236,173,020",,72.2%,±0.1,2018,"±122,398"
            Black or African American,"41,617,764",,12.7%,±0.1,2018,"±69,606"
            American Indian and Alaska Native,"2,801,587",,0.9%,±0.1,2018,"±34,389"
                Cherokee tribal grouping,"291,100",,0.1%,±0.1,2018,"±10,387"
                Chippewa tribal grouping,"117,802",,0.0%,±0.1,2018,"±5,660"
                Navajo tribal grouping,"336,207",,0.1%,±0.1,2018,"±9,274"
                Sioux tribal grouping,"120,876",,0.0%,±0.1,2018,"±6,160"
            Asian,"18,415,198",,5.6%,±0.1,2018,"±42,115"
                Asian Indian,"4,161,088",,1.3%,±0.1,2018,"±53,955"
                Chinese,"4,395,912",,1.3%,±0.1,2018,"±43,670"
                Filipino,"2,920,160",,0.9%,±0.1,2018,"±35,993"
                Japanese,"782,776",,0.2%,±0.1,2018,"±21,548"
                Korean,"1,468,279",,0.4%,±0.1,2018,"±30,336"
                Vietnamese,"1,862,395",,0.6%,±0.1,2018,"±37,153"
                Other Asian,"2,824,588",,0.9%,±0.1,2018,"±46,751"
            Native Hawaiian and Other Pacific Islander,"626,054",,0.2%,±0.1,2018,"±15,011"
                Native Hawaiian,"186,996",,0.1%,±0.1,2018,"±10,362"
                Guamanian or Chamorro,"104,219",,0.0%,±0.1,2018,"±9,338"
                Samoan,"110,606",,0.0%,±0.1,2018,"±8,489"
                Other Pacific Islander,"224,233",,0.1%,±0.1,2018,"±13,037"
            Some other race,"16,253,785",,5.0%,±0.1,2018,"±132,530"
        Two or more races,"11,280,031",,3.4%,±0.1,2018,"±103,247"
            White and Black or African American,"3,179,968",,1.0%,±0.1,2018,"±50,839"
            White and American Indian and Alaska Native,"1,886,971",,0.6%,±0.1,2018,"±26,998"
            White and Asian,"2,454,776",,0.8%,±0.1,2018,"±38,834"
            Black or African American and American Indian and Alaska Native,"311,267",,0.1%,±0.1,2018,"±13,997"
Race alone or in combination with one or more other races,,,,,2018,
    Total population,"327,167,439",,"327,167,439",(X),2018,*****
        White,"245,860,228",,75.1%,±0.1,2018,"±151,399"
        Black or African American,"46,261,485",,14.1%,±0.1,2018,"±52,849"
        American Indian and Alaska Native,"5,710,410",,1.7%,±0.1,2018,"±49,761"
        Asian,"22,137,269",,6.8%,±0.1,2018,"±33,998"
        Native Hawaiian and Other Pacific Islander,"1,468,239",,0.4%,±0.1,2018,"±24,837"
        Some other race,"18,146,776",,5.5%,±0.1,2018,"±125,616"
HISPANIC OR LATINO AND RACE,,,,,2018,
    Total population,"327,167,439",,"327,167,439",(X),2018,*****
        Hispanic or Latino (of any race),"59,763,631",,18.3%,±0.1,2018,"±9,816"
            Mexican,"36,986,661",,11.3%,±0.1,2018,"±106,167"
            Puerto Rican,"5,791,453",,1.8%,±0.1,2018,"±65,787"
            Cuban,"2,363,532",,0.7%,±0.1,2018,"±42,949"
            Other Hispanic or Latino,"14,621,985",,4.5%,±0.1,2018,"±106,927"
        Not Hispanic or Latino,"267,403,808",,81.7%,±0.1,2018,"±9,817"
            White alone,"197,033,939",,60.2%,±0.1,2018,"±19,751"
            Black or African American alone,"40,305,870",,12.3%,±0.1,2018,"±62,273"
            American Indian and Alaska Native alone,"2,180,266",,0.7%,±0.1,2018,"±22,071"
            Asian alone,"18,193,513",,5.6%,±0.1,2018,"±40,343"
            Native Hawaiian and Other Pacific Islander alone,"559,945",,0.2%,±0.1,2018,"±13,255"
            Some other race alone,"826,107",,0.3%,±0.1,2018,"±29,845"
            Two or more races,"8,304,168",,2.5%,±0.1,2018,"±79,101"
                Two races including Some other race,"322,263",,0.1%,±0.1,2018,"±13,335"
"                Two races excluding Some other race, and Three or more races","7,981,905",,2.4%,±0.1,2018,"±78,703"
Total housing units,"138,539,906",,(X),(X),2018,"±4,033"
"CITIZEN, VOTING AGE POPULATION",,,,,2018,
"    Citizen, 18 and over population","233,565,291",,"233,565,291",(X),2018,"±150,409"
        Male,"113,302,012",,48.5%,±0.1,2018,"±86,204"
        Female,"120,263,279",,51.5%,±0.1,2018,"±77,627"
SEX AND AGE,,,,,2019,
    Total population,"328,239,523",,"328,239,523",(X),2019,*****
        Male,"161,588,973",,49.2%,±0.1,2019,"±34,808"
        Female,"166,650,550",,50.8%,±0.1,2019,"±34,808"
        Sex ratio (males per 100 females),97.0,,(X),(X),2019,±0.1
        Under 5 years,"19,404,835",,5.9%,±0.1,2019,"±22,314"
        5 to 9 years,"19,690,437",,6.0%,±0.1,2019,"±69,224"
        10 to 14 years,"21,423,479",,6.5%,±0.1,2019,"±69,779"
        15 to 19 years,"21,353,524",,6.5%,±0.1,2019,"±36,116"
        20 to 24 years,"21,468,680",,6.5%,±0.1,2019,"±34,195"
        25 to 34 years,"45,578,475",,13.9%,±0.1,2019,"±44,197"
        35 to 44 years,"41,914,845",,12.8%,±0.1,2019,"±33,511"
        45 to 54 years,"40,863,107",,12.4%,±0.1,2019,"±36,068"
        55 to 59 years,"21,484,060",,6.5%,±0.1,2019,"±58,829"
        60 to 64 years,"20,984,053",,6.4%,±0.1,2019,"±58,643"
        65 to 74 years,"31,575,561",,9.6%,±0.1,2019,"±23,797"
        75 to 84 years,"16,140,238",,4.9%,±0.1,2019,"±33,866"
        85 years and over,"6,358,229",,1.9%,±0.1,2019,"±34,321"
        Median age (years),38.5,,(X),(X),2019,±0.1
        Under 18 years,"72,967,785",,22.2%,±0.1,2019,"±33,143"
        16 years and over,"263,534,161",,80.3%,±0.1,2019,"±52,161"
        18 years and over,"255,271,738",,77.8%,±0.1,2019,"±33,143"
        21 years and over,"241,886,206",,73.7%,±0.1,2019,"±83,337"
        62 years and over,"66,395,660",,20.2%,±0.1,2019,"±61,054"
        65 years and over,"54,074,028",,16.5%,±0.1,2019,"±24,915"
        18 years and over,"255,271,738",,"255,271,738",(X),2019,"±33,143"
            Male,"124,267,346",,48.7%,±0.1,2019,"±30,268"
            Female,"131,004,392",,51.3%,±0.1,2019,"±22,770"
            Sex ratio (males per 100 females),94.9,,(X),(X),2019,±0.1
        65 years and over,"54,074,028",,"54,074,028",(X),2019,"±24,915"
            Male,"24,044,281",,44.5%,±0.1,2019,"±16,352"
            Female,"30,029,747",,55.5%,±0.1,2019,"±17,170"
            Sex ratio (males per 100 females),80.1,,(X),(X),2019,±0.1
RACE,,,,,2019,
    Total population,"328,239,523",,"328,239,523",(X),2019,*****
        One race,"316,930,628",,96.6%,±0.1,2019,"±119,592"
        Two or more races,"11,308,895",,3.4%,±0.1,2019,"±119,592"
        One race,"316,930,628",,96.6%,±0.1,2019,"±119,592"
            White,"236,475,401",,72.0%,±0.1,2019,"±99,212"
            Black or African American,"41,989,671",,12.8%,±0.1,2019,"±77,381"
            American Indian and Alaska Native,"2,847,336",,0.9%,±0.1,2019,"±33,671"
                Cherokee tribal grouping,"289,234",,0.1%,±0.1,2019,"±11,121"
                Chippewa tribal grouping,"126,987",,0.0%,±0.1,2019,"±6,163"
                Navajo tribal grouping,"340,669",,0.1%,±0.1,2019,"±11,774"
                Sioux tribal grouping,"119,004",,0.0%,±0.1,2019,"±7,195"
            Asian,"18,636,984",,5.7%,±0.1,2019,"±39,562"
                Asian Indian,"4,240,466",,1.3%,±0.1,2019,"±49,699"
                Chinese,"4,404,678",,1.3%,±0.1,2019,"±46,036"
                Filipino,"2,983,596",,0.9%,±0.1,2019,"±45,214"
                Japanese,"755,672",,0.2%,±0.1,2019,"±17,639"
                Korean,"1,461,843",,0.4%,±0.1,2019,"±29,473"
                Vietnamese,"1,873,707",,0.6%,±0.1,2019,"±40,947"
                Other Asian,"2,917,022",,0.9%,±0.1,2019,"±47,535"
            Native Hawaiian and Other Pacific Islander,"628,683",,0.2%,±0.1,2019,"±17,795"
                Native Hawaiian,"198,734",,0.1%,±0.1,2019,"±11,713"
                Guamanian or Chamorro,"78,323",,0.0%,±0.1,2019,"±7,337"
                Samoan,"112,845",,0.0%,±0.1,2019,"±10,641"
                Other Pacific Islander,"238,781",,0.1%,±0.1,2019,"±14,144"
            Some other race,"16,352,553",,5.0%,±0.1,2019,"±122,060"
        Two or more races,"11,308,895",,3.4%,±0.1,2019,"±119,592"
            White and Black or African American,"3,276,186",,1.0%,±0.1,2019,"±53,106"
            White and American Indian and Alaska Native,"1,845,910",,0.6%,±0.1,2019,"±33,924"
            White and Asian,"2,502,591",,0.8%,±0.1,2019,"±39,537"
            Black or African American and American Indian and Alaska Native,"298,099",,0.1%,±0.1,2019,"±15,745"
Race alone or in combination with one or more other races,,,,,2019,
    Total population,"328,239,523",,"328,239,523",(X),2019,*****
        White,"246,234,076",,75.0%,±0.1,2019,"±146,982"
        Black or African American,"46,713,850",,14.2%,±0.1,2019,"±58,311"
        American Indian and Alaska Native,"5,665,200",,1.7%,±0.1,2019,"±47,563"
        Asian,"22,371,683",,6.8%,±0.1,2019,"±39,187"
        Native Hawaiian and Other Pacific Islander,"1,438,818",,0.4%,±0.1,2019,"±26,843"
        Some other race,"18,214,244",,5.5%,±0.1,2019,"±121,410"
HISPANIC OR LATINO AND RACE,,,,,2019,
    Total population,"328,239,523",,"328,239,523",(X),2019,*****
        Hispanic or Latino (of any race),"60,481,746",,18.4%,±0.1,2019,"±11,342"
            Mexican,"37,186,361",,11.3%,±0.1,2019,"±109,308"
            Puerto Rican,"5,828,706",,1.8%,±0.1,2019,"±60,501"
            Cuban,"2,381,565",,0.7%,±0.1,2019,"±39,022"
            Other Hispanic or Latino,"15,085,114",,4.6%,±0.1,2019,"±93,509"
        Not Hispanic or Latino,"267,757,777",,81.6%,±0.1,2019,"±11,342"
            White alone,"196,789,401",,60.0%,±0.1,2019,"±22,517"
            Black or African American alone,"40,596,040",,12.4%,±0.1,2019,"±70,047"
            American Indian and Alaska Native alone,"2,236,348",,0.7%,±0.1,2019,"±22,027"
            Asian alone,"18,427,914",,5.6%,±0.1,2019,"±39,236"
            Native Hawaiian and Other Pacific Islander alone,"565,473",,0.2%,±0.1,2019,"±15,316"
            Some other race alone,"839,270",,0.3%,±0.1,2019,"±29,578"
            Two or more races,"8,303,331",,2.5%,±0.1,2019,"±86,915"
                Two races including Some other race,"312,842",,0.1%,±0.1,2019,"±12,007"
"                Two races excluding Some other race, and Three or more races","7,990,489",,2.4%,±0.1,2019,"±86,600"
Total housing units,"139,686,209",,(X),(X),2019,"±6,973"
"CITIZEN, VOTING AGE POPULATION",,,,,2019,
"    Citizen, 18 and over population","235,418,734",,"235,418,734",(X),2019,"±159,764"
        Male,"114,206,194",,48.5%,±0.1,2019,"±98,225"
        Female,"121,212,540",,51.5%,±0.1,2019,"±79,689"
